Workbook

Sheet customers
A1: customer_id | B1: customer_type | C1: age | D1: city | E1: signup_date | F1: signup_month | G1: signup_year
A2: 1 | B2: Prepaid | C2: 34 | D2: kolkata | E2: 44125 | F2: =TEXT(E2,"mmmm") -> October | G2: =YEAR(E2) -> 2020
A3: 2 | B3: Postpaid | C3: 26 | D3: chennai | E3: 44900 | F3: =TEXT(E3,"mmmm") -> December | G3: =YEAR(E3) -> 2022
A4: 3 | B4: Postpaid | C4: 50 | D4: mumbai | E4: 44967 | F4: =TEXT(E4,"mmmm") -> February | G4: =YEAR(E4) -> 2023
A5: 4 | B5: Prepaid | C5: 37 | D5: chennai | E5: 43847 | F5: =TEXT(E5,"mmmm") -> January | G5: =YEAR(E5) -> 2020
A6: 5 | B6: Prepaid | C6: 30 | D6: delhi | E6: 44190 | F6: =TEXT(E6,"mmmm") -> December | G6: =YEAR(E6) -> 2020
A7: 6 | B7: Prepaid | C7: 45 | D7: bangalore | E7: 44696 | F7: =TEXT(E7,"mmmm") -> May | G7: =YEAR(E7) -> 2022
A8: 7 | B8: Prepaid | C8: 46 | D8: bangalore | E8: 44530 | F8: =TEXT(E8,"mmmm") -> November | G8: =YEAR(E8) -> 2021
A9: 8 | B9: Postpaid | C9: 30 | D9: mumbai | E9: 44278 | F9: =TEXT(E9,"mmmm") -> March | G9: =YEAR(E9) -> 2021
A10: 9 | B10: Prepaid | C10: 63 | D10: bangalore | E10: 44686 | F10: =TEXT(E10,"mmmm") -> May | G10: =YEAR(E10) -> 2022
A11: 10 | B11: Postpaid | C11: 52 | D11: bangalore | E11: 44195 | F11: =TEXT(E11,"mmmm") -> December | G11: =YEAR(E11) -> 2020
A12: 11 | B12: Prepaid | C12: 23 | D12: mumbai | E12: 44505 | F12: =TEXT(E12,"mmmm") -> November | G12: =YEAR(E12) -> 2021
A13: 12 | B13: Postpaid | C13: 35 | D13: kolkata | E13: 44838 | F13: =TEXT(E13,"mmmm") -> October | G13: =YEAR(E13) -> 2022
... A501: 500 | B501: Postpaid | C501: 60 | D501: mumbai | E501: 44384 | F501: =TEXT(E501,"mmmm") -> July | G501: =YEAR(E501) -> 2021

Sheet network_usage
A1: usage_id | B1: customer_id | C1: usage_date | D1: usage_month | E1: usage_year | F1: data_used_gb | G1: call_minutes | H1: network_type | I1: usage_category
A2: 10001 | B2: 288 | C2: 45189 | D2: =TEXT(Table3[[#This Row],[usage_date]],"mmmm") -> September | E2: =YEAR(Table3[[#This Row],[usage_date]]) -> 2023 | F2: 2.01 | G2: 49 | H2: 4G | I2: =IF(F2>6,"High Usage","Normal Usage") -> Normal Usage
A3: 10002 | B3: 167 | C3: 45224 | D3: =TEXT(Table3[[#This Row],[usage_date]],"mmmm") -> October | E3: =YEAR(Table3[[#This Row],[usage_date]]) -> 2023 | F3: 2.5 | G3: 134 | H3: 5G | I3: =IF(F3>6,"High Usage","Normal Usage") -> Normal Usage
A4: 10003 | B4: 109 | C4: 45411 | D4: =TEXT(Table3[[#This Row],[usage_date]],"mmmm") -> April | E4: =YEAR(Table3[[#This Row],[usage_date]]) -> 2024 | F4: 0.74 | G4: 117 | H4: 4G | I4: =IF(F4>6,"High Usage","Normal Usage") -> Normal Usage
A5: 10004 | B5: 494 | C5: 44611 | D5: =TEXT(Table3[[#This Row],[usage_date]],"mmmm") -> February | E5: =YEAR(Table3[[#This Row],[usage_date]]) -> 2022 | F5: 7.42 | G5: 59 | H5: 4G | I5: =IF(F5>6,"High Usage","Normal Usage") -> High Usage
A6: 10005 | B6: 36 | C6: 45063 | D6: =TEXT(Table3[[#This Row],[usage_date]],"mmmm") -> May | E6: =YEAR(Table3[[#This Row],[usage_date]]) -> 2023 | F6: 0.47 | G6: 124 | H6: 5G | I6: =IF(F6>6,"High Usage","Normal Usage") -> Normal Usage
A7: 10006 | B7: 232 | C7: 45279 | D7: =TEXT(Table3[[#This Row],[usage_date]],"mmmm") -> December | E7: =YEAR(Table3[[#This Row],[usage_date]]) -> 2023 | F7: 8.43 | G7: 115 | H7: 5G | I7: =IF(F7>6,"High Usage","Normal Usage") -> High Usage
A8: 10007 | B8: 229 | C8: 45059 | D8: =TEXT(Table3[[#This Row],[usage_date]],"mmmm") -> May | E8: =YEAR(Table3[[#This Row],[usage_date]]) -> 2023 | F8: 0.04 | G8: 172 | H8: 5G | I8: =IF(F8>6,"High Usage","Normal Usage") -> Normal Usage
A9: 10008 | B9: 353 | C9: 44896 | D9: =TEXT(Table3[[#This Row],[usage_date]],"mmmm") -> December | E9: =YEAR(Table3[[#This Row],[usage_date]]) -> 2022 | F9: 1.64 | G9: 186 | H9: 4G | I9: =IF(F9>6,"High Usage","Normal Usage") -> Normal Usage
A10: 10009 | B10: 164 | C10: 44640 | D10: =TEXT(Table3[[#This Row],[usage_date]],"mmmm") -> March | E10: =YEAR(Table3[[#This Row],[usage_date]]) -> 2022 | F10: 1.01 | G10: 87 | H10: 5G | I10: =IF(F10>6,"High Usage","Normal Usage") -> Normal Usage
A11: 10010 | B11: 387 | C11: 45143 | D11: =TEXT(Table3[[#This Row],[usage_date]],"mmmm") -> August | E11: =YEAR(Table3[[#This Row],[usage_date]]) -> 2023 | F11: 1.49 | G11: 202 | H11: 4G | I11: =IF(F11>6,"High Usage","Normal Usage") -> Normal Usage
A12: 10011 | B12: 73 | C12: 44588 | D12: =TEXT(Table3[[#This Row],[usage_date]],"mmmm") -> January | E12: =YEAR(Table3[[#This Row],[usage_date]]) -> 2022 | F12: 2.11 | G12: 181 | H12: 5G | I12: =IF(F12>6,"High Usage","Normal Usage") -> Normal Usage
A13: 10012 | B13: 136 | C13: 44832 | D13: =TEXT(Table3[[#This Row],[usage_date]],"mmmm") -> September | E13: =YEAR(Table3[[#This Row],[usage_date]]) -> 2022 | F13: 1.43 | G13: 167 | H13: 4G | I13: =IF(F13>6,"High Usage","Normal Usage") -> Normal Usage
... A6001: 16000 | B6001: 24 | C6001: 44647 | D6001: =TEXT(Table3[[#This Row],[usage_date]],"mmmm") -> March | E6001: =YEAR(Table3[[#This Row],[usage_date]]) -> 2022 | F6001: 1.3 | G6001: 67 | H6001: 4G | I6001: =IF(F6001>6,"High Usage","Normal Usage") -> Normal Usage

Sheet network_issues
A1: issue_id | B1: customer_id | C1: issue_date | D1: issue_month | E1: issue_year | F1: issue_type | G1: resolution_time_hrs | H1: resolved | I1: city
A2: 20001 | B2: 17 | C2: 45221 | D2: =TEXT(Table4[[#This Row],[issue_date]],"mmmm") -> October | E2: =YEAR(Table4[[#This Row],[issue_date]]) -> 2023 | F2: No Signal | G2: 2 | H2: Yes | I2: =VLOOKUP(Table4[[#This Row],[customer_id]],customers!A:G,4,) -> bangalore
A3: 20002 | B3: 366 | C3: 44820 | D3: =TEXT(Table4[[#This Row],[issue_date]],"mmmm") -> September | E3: =YEAR(Table4[[#This Row],[issue_date]]) -> 2022 | F3: Slow Internet | G3: 67 | H3: Yes | I3: =VLOOKUP(Table4[[#This Row],[customer_id]],customers!A:G,4,) -> mumbai
A4: 20003 | B4: 389 | C4: 45103 | D4: =TEXT(Table4[[#This Row],[issue_date]],"mmmm") -> June | E4: =YEAR(Table4[[#This Row],[issue_date]]) -> 2023 | F4: Call Drop | G4: 15 | H4: Yes | I4: =VLOOKUP(Table4[[#This Row],[customer_id]],customers!A:G,4,) -> bangalore
A5: 20004 | B5: 26 | C5: 45091 | D5: =TEXT(Table4[[#This Row],[issue_date]],"mmmm") -> June | E5: =YEAR(Table4[[#This Row],[issue_date]]) -> 2023 | F5: Slow Internet | G5: 21 | H5: Yes | I5: =VLOOKUP(Table4[[#This Row],[customer_id]],customers!A:G,4,) -> bangalore
A6: 20005 | B6: 213 | C6: 44748 | D6: =TEXT(Table4[[#This Row],[issue_date]],"mmmm") -> July | E6: =YEAR(Table4[[#This Row],[issue_date]]) -> 2022 | F6: No Signal | G6: 59 | H6: Yes | I6: =VLOOKUP(Table4[[#This Row],[customer_id]],customers!A:G,4,) -> hyderabad
A7: 20006 | B7: 385 | C7: 44773 | D7: =TEXT(Table4[[#This Row],[issue_date]],"mmmm") -> July | E7: =YEAR(Table4[[#This Row],[issue_date]]) -> 2022 | F7: Call Drop | G7: 39 | H7: Yes | I7: =VLOOKUP(Table4[[#This Row],[customer_id]],customers!A:G,4,) -> hyderabad
A8: 20007 | B8: 1 | C8: 44596 | D8: =TEXT(Table4[[#This Row],[issue_date]],"mmmm") -> February | E8: =YEAR(Table4[[#This Row],[issue_date]]) -> 2022 | F8: No Signal | G8: 20 | H8: Yes | I8: =VLOOKUP(Table4[[#This Row],[customer_id]],customers!A:G,4,) -> kolkata
A9: 20008 | B9: 291 | C9: 44708 | D9: =TEXT(Table4[[#This Row],[issue_date]],"mmmm") -> May | E9: =YEAR(Table4[[#This Row],[issue_date]]) -> 2022 | F9: Slow Internet | G9: 1 | H9: Yes | I9: =VLOOKUP(Table4[[#This Row],[customer_id]],customers!A:G,4,) -> mumbai
A10: 20009 | B10: 265 | C10: 44843 | D10: =TEXT(Table4[[#This Row],[issue_date]],"mmmm") -> October | E10: =YEAR(Table4[[#This Row],[issue_date]]) -> 2022 | F10: Slow Internet | G10: 9 | H10: Yes | I10: =VLOOKUP(Table4[[#This Row],[customer_id]],customers!A:G,4,) -> delhi
A11: 20010 | B11: 343 | C11: 45108 | D11: =TEXT(Table4[[#This Row],[issue_date]],"mmmm") -> July | E11: =YEAR(Table4[[#This Row],[issue_date]]) -> 2023 | F11: No Signal | G11: 51 | H11: Yes | I11: =VLOOKUP(Table4[[#This Row],[customer_id]],customers!A:G,4,) -> delhi
A12: 20011 | B12: 38 | C12: 45149 | D12: =TEXT(Table4[[#This Row],[issue_date]],"mmmm") -> August | E12: =YEAR(Table4[[#This Row],[issue_date]]) -> 2023 | F12: Call Drop | G12: 38 | H12: Yes | I12: =VLOOKUP(Table4[[#This Row],[customer_id]],customers!A:G,4,) -> mumbai
A13: 20012 | B13: 233 | C13: 45145 | D13: =TEXT(Table4[[#This Row],[issue_date]],"mmmm") -> August | E13: =YEAR(Table4[[#This Row],[issue_date]]) -> 2023 | F13: No Signal | G13: 15 | H13: Yes | I13: =VLOOKUP(Table4[[#This Row],[customer_id]],customers!A:G,4,) -> mumbai
... A3001: 23000 | B3001: 95 | C3001: 45403 | D3001: =TEXT(Table4[[#This Row],[issue_date]],"mmmm") -> April | E3001: =YEAR(Table4[[#This Row],[issue_date]]) -> 2024 | F3001: No Signal | G3001: 28 | H3001: Yes | I3001: =VLOOKUP(Table4[[#This Row],[customer_id]],customers!A:G,4,) -> mumbai

Sheet billing
A1: bill_id | B1: customer_id | C1: bill_date | D1: bill_month | E1: bill_year | F1: bill_amount | G1: payment_status
A2: 30001 | B2: 485 | C2: 45371 | D2: =TEXT(Table5[[#This Row],[bill_date]],"mmmm") -> March | E2: =YEAR(Table5[[#This Row],[bill_date]]) -> 2024 | F2: 315 | G2: Delayed
A3: 30002 | B3: 2 | C3: 45451 | D3: =TEXT(Table5[[#This Row],[bill_date]],"mmmm") -> June | E3: =YEAR(Table5[[#This Row],[bill_date]]) -> 2024 | F3: 298 | G3: Failed
A4: 30003 | B4: 438 | C4: 45363 | D4: =TEXT(Table5[[#This Row],[bill_date]],"mmmm") -> March | E4: =YEAR(Table5[[#This Row],[bill_date]]) -> 2024 | F4: 798 | G4: Failed
A5: 30004 | B5: 376 | C5: 45044 | D5: =TEXT(Table5[[#This Row],[bill_date]],"mmmm") -> April | E5: =YEAR(Table5[[#This Row],[bill_date]]) -> 2023 | F5: 1058 | G5: Failed
A6: 30005 | B6: 402 | C6: 44812 | D6: =TEXT(Table5[[#This Row],[bill_date]],"mmmm") -> September | E6: =YEAR(Table5[[#This Row],[bill_date]]) -> 2022 | F6: 1887 | G6: Paid
A7: 30006 | B7: 54 | C7: 45238 | D7: =TEXT(Table5[[#This Row],[bill_date]],"mmmm") -> November | E7: =YEAR(Table5[[#This Row],[bill_date]]) -> 2023 | F7: 493 | G7: Paid
A8: 30007 | B8: 166 | C8: 44961 | D8: =TEXT(Table5[[#This Row],[bill_date]],"mmmm") -> February | E8: =YEAR(Table5[[#This Row],[bill_date]]) -> 2023 | F8: 1399 | G8: Paid
A9: 30008 | B9: 353 | C9: 45414 | D9: =TEXT(Table5[[#This Row],[bill_date]],"mmmm") -> May | E9: =YEAR(Table5[[#This Row],[bill_date]]) -> 2024 | F9: 1354 | G9: Paid
A10: 30009 | B10: 329 | C10: 44702 | D10: =TEXT(Table5[[#This Row],[bill_date]],"mmmm") -> May | E10: =YEAR(Table5[[#This Row],[bill_date]]) -> 2022 | F10: 1203 | G10: Paid
A11: 30010 | B11: 143 | C11: 44939 | D11: =TEXT(Table5[[#This Row],[bill_date]],"mmmm") -> January | E11: =YEAR(Table5[[#This Row],[bill_date]]) -> 2023 | F11: 832 | G11: Delayed
A12: 30011 | B12: 448 | C12: 44681 | D12: =TEXT(Table5[[#This Row],[bill_date]],"mmmm") -> April | E12: =YEAR(Table5[[#This Row],[bill_date]]) -> 2022 | F12: 1945 | G12: Paid
A13: 30012 | B13: 92 | C13: 44899 | D13: =TEXT(Table5[[#This Row],[bill_date]],"mmmm") -> December | E13: =YEAR(Table5[[#This Row],[bill_date]]) -> 2022 | F13: 1802 | G13: Delayed
... A5001: 35000 | B5001: 364 | C5001: 44776 | D5001: =TEXT(Table5[[#This Row],[bill_date]],"mmmm") -> August | E5001: =YEAR(Table5[[#This Row],[bill_date]]) -> 2022 | F5001: 582 | G5001: Paid

Sheet Threshold Analysis
A3: Row Labels | B3: Count of data_used_gb
A4: 0-1 | B4: 1992
A5: 1-2 | B5: 1349
A6: 2-3 | B6: 881
A7: 3-4 | B7: 570
A8: 4-5 | B8: 403
A9: 5-6 | B9: 258
A10: 6-7 | B10: 180
A11: 7-8 | B11: 139
A12: 8-9 | B12: 69
A13: 9-10 | B13: 58
A14: 10-11 | B14: 32
A15: 11-12 | B15: 21
... A24: Grand Total | B24: 6000

Sheet City-wise Network Issues
A3: Count of issue_id | B3: Column Labels
A4: Row Labels | B4: Call Drop | C4: No Signal | D4: Slow Internet | E4: Grand Total
A5: bangalore | B5: 166 | C5: 181 | D5: 165 | E5: 512
A6: chennai | B6: 198 | C6: 191 | D6: 175 | E6: 564
A7: delhi | B7: 202 | C7: 173 | D7: 189 | E7: 564
A8: hyderabad | B8: 168 | C8: 146 | D8: 185 | E8: 499
A9: kolkata | B9: 139 | C9: 168 | D9: 145 | E9: 452
A10: mumbai | B10: 134 | C10: 140 | D10: 135 | E10: 409
A11: Grand Total | B11: 1007 | C11: 999 | D11: 994 | E11: 3000
